50000001,PA,Independent,Somewhat conservative,Protestant,Never,Very concerned
50000004,FL,Republican,Moderate,"Orthodox (Eastern, Greek, Russian, Armenian, etc)",Not applicable/Does not have vaginal intercourse/sex,Very concerned
50000005,MI,Independent,Somewhat liberal,Protestant,Every time,Very concerned
50000008,NY,Republican,Somewhat conservative,Jewish/Judaism,Never,Not very concerned
50000009,PA,Republican,Very conservative,Protestant,Never,Not very concerned
50000010,MD,Republican,Very conservative,Protestant,Never,Not at all concerned
50000011,NY,Democrat,Moderate,"Catholic, Roman Catholic",Every time,Not very concerned
50000012,FL,Republican,Somewhat conservative,"Catholic, Roman Catholic",Once in a while,Somewhat concerned
50000013,NC,Independent,Moderate,Protestant,Never,Somewhat concerned
50000014,NC,Republican,Moderate,Protestant,Not applicable/Does not have vaginal intercourse/sex,Not at all concerned
50000016,WV,Democrat,Very liberal,Buddhist,Every time,Very concerned
50000017,ME,Independent,Moderate,Protestant,Never,Very concerned
50000019,MI,Independent,Moderate,Protestant,Never,Somewhat concerned
50000021,MI,Democrat,Moderate,Protestant,Never,Not at all concerned
50000023,LA,Republican,Very conservative,Protestant,Not applicable/Does not have vaginal intercourse/sex,Not very concerned
50000030,MD,Democrat,Moderate,Methodist,Every time,Not at all concerned
50000031,MN,Independent,Moderate,"Catholic, Roman Catholic",Never,Not at all concerned
50000033,IA,Independent,Somewhat conservative,Protestant,Never,Not very concerned
50000035,IA,Republican,Very conservative,Baptist,Not applicable/Does not have vaginal intercourse/sex,Not at all concerned
50000036,WI,Democrat,Somewhat liberal,Unitarian/Universalist,Never,Very concerned
50000038,UT,Republican,Very conservative,Protestant,Never,Not at all concerned
50000039,UT,Republican,Somewhat conservative,Mormon (Church of Jesus Christ of Latter-Day Saints/LDS),Every time,Not very concerned
50000040,OR,Independent,Somewhat liberal,Protestant,Not applicable/Does not have vaginal intercourse/sex,Very concerned
50000041,OR,Independent,Somewhat conservative,Protestant,Not applicable/Does not have vaginal intercourse/sex,Not at all concerned
50000043,OR,Democrat,Very liberal,Protestant,Not applicable/Does not have vaginal intercourse/sex,Very concerned
50000044,OR,Democrat,Very liberal,"Catholic, Roman Catholic",Every time,Very concerned
50000051,CA,Democrat,Somewhat liberal,Nothing in particular,Every time,Very concerned
50000052,OR,Republican,Very conservative,Christian (Just Christian),Refused,Not at all concerned
50000053,CA,Independent,Somewhat liberal,Agnostic,Every time,Very concerned
50000055,OR,Independent,Moderate,Nothing in particular,Never,Very concerned
50000057,FL,Democrat,Moderate,Methodist,Never,Not at all concerned
50000060,PA,Democrat,Somewhat liberal,Refused,Refused,Somewhat concerned
50000061,ME,Independent,Somewhat liberal,Protestant,Not applicable/Does not have vaginal intercourse/sex,Very concerned
50000062,OH,Independent,Very conservative,Nothing in particular,Never,Not at all concerned
50000063,FL,Independent,Very conservative,Protestant,Never,Not at all concerned
50000067,NC,Independent,Somewhat conservative,Episcopalian or Anglican,Never,Not at all concerned
50000070,GA,Republican,Very conservative,Protestant,Not applicable/Does not have vaginal intercourse/sex,Refused
50000072,MI,Democrat,Very conservative,"Catholic, Roman Catholic",Never,Not at all concerned
50000074,SC,Independent,Somewhat conservative,Nothing in particular,Never,Not at all concerned
50000075,NJ,Independent,Moderate,"Catholic, Roman Catholic",Refused,Not very concerned
50000078,GA,Republican,Somewhat liberal,Baptist,Every time,Not very concerned
50000079,NC,Independent,Somewhat conservative,"Pentecostal (Assemblies of God, Four-Square Gospel)",Every time,Very concerned
50000080,NY,Democrat,Somewhat liberal,Refused,Every time,Very concerned
50000081,VA,Independent,Very conservative,Episcopalian or Anglican,Never,Not at all concerned
50000082,FL,Republican,Very conservative,Protestant,Not applicable/Does not have vaginal intercourse/sex,Not at all concerned
50000083,OH,Republican,Somewhat conservative,Atheist,Every time,Not very concerned
50000085,VA,Independent,Somewhat conservative,Protestant,Every time,Not very concerned
50000086,GA,Democrat,Somewhat liberal,Protestant,Never,Very concerned
50000087,VA,Democrat,Somewhat liberal,Jewish/Judaism,Refused,Very concerned
50000091,FL,Democrat,Somewhat liberal,Nothing in particular,Refused,Very concerned
50000092,FL,Democrat,Very liberal,Protestant,Every time,Very concerned
50000096,OK,Democrat,Somewhat liberal,Baptist,Not applicable/Does not have vaginal intercourse/sex,Very concerned
50000097,NY,Republican,Very conservative,Methodist,Once in a while,Somewhat concerned
50000099,TX,Democrat,Somewhat conservative,Baptist,Never,Very concerned
50000100,KY,Democrat,Moderate,Nothing in particular,Never,Not at all concerned
50000101,MN,Democrat,Moderate,Baptist,Never,Very concerned
50000104,NC,Republican,Very conservative,Protestant,Never,Not at all concerned
50000106,IL,Independent,Moderate,Protestant,Not applicable/Does not have vaginal intercourse/sex,Somewhat concerned
50000107,NH,Independent,Moderate,Other,Never,Very concerned
50000111,OK,Independent,Somewhat liberal,Protestant,Never,Not at all concerned
50000112,PA,Republican,Somewhat conservative,Protestant,Every time,Very concerned
50000113,PA,Independent,Somewhat liberal,Protestant,Not applicable/Does not have vaginal intercourse/sex,Not at all concerned
50000117,KS,Republican,Somewhat conservative,Christian (Just Christian),Never,Not at all concerned
50000118,MN,Independent,Somewhat conservative,Protestant,Never,Not at all concerned
50000119,WI,Democrat,Very liberal,Agnostic,Every time,Somewhat concerned
50000120,IA,Independent,Moderate,Lutheran,Not applicable/Does not have vaginal intercourse/sex,Not very concerned
50000121,IL,Democrat,Moderate,Lutheran,Not applicable/Does not have vaginal intercourse/sex,Very concerned
50000122,IL,Democrat,Very liberal,Nothing in particular,Not applicable/Does not have vaginal intercourse/sex,Very concerned
50000125,UT,Republican,Very conservative,Mormon (Church of Jesus Christ of Latter-Day Saints/LDS),Not applicable/Does not have vaginal intercourse/sex,Not at all concerned
50000127,UT,Independent,Moderate,Agnostic,Not applicable/Does not have vaginal intercourse/sex,Not at all concerned
50000128,CO,Independent,Moderate,Christian (Just Christian),Never,Not at all concerned
50000130,CA,Independent,Somewhat liberal,Nothing in particular,Every time,Very concerned
50000131,CA,Republican,Somewhat conservative,"Catholic, Roman Catholic",Never,Not at all concerned
50000133,AZ,Republican,Very conservative,Protestant,Not applicable/Does not have vaginal intercourse/sex,Not at all concerned
50000134,CA,Democrat,Moderate,Agnostic,Every time,Very concerned
50000135,CA,Democrat,Somewhat liberal,"Catholic, Roman Catholic",Every time,Very concerned
50000137,UT,Independent,Moderate,Mormon (Church of Jesus Christ of Latter-Day Saints/LDS),Every time,Not at all concerned
50000138,FL,Refused,Refused,Refused,Not applicable/Does not have vaginal intercourse/sex,Not at all concerned
50000139,SC,Democrat,Very conservative,Jehovah's Witness,Never,Very concerned
50000141,CA,Democrat,Very liberal,Atheist,Never,Very concerned
50000142,MT,Independent,Somewhat liberal,Nothing in particular,Never,Very concerned
50000143,AZ,Democrat,Very liberal,Agnostic,Never,Not at all concerned
50000145,KS,Independent,Refused,Christian (Just Christian),Never,Very concerned
50000147,MT,Independent,Very liberal,Nothing in particular,Never,Not at all concerned
50000148,WI,Independent,Somewhat liberal,Nothing in particular,Never,Somewhat concerned
50000149,WA,Independent,Moderate,Protestant,Never,Not at all concerned
50000150,CA,Democrat,Somewhat liberal,Nothing in particular,Every time,Very concerned
50000152,CA,Independent,Refused,Christian (Just Christian),Never,Very concerned
50000153,CA,Democrat,Very liberal,Agnostic,Never,Not at all concerned
50000154,AZ,Republican,Somewhat conservative,Protestant,Not applicable/Does not have vaginal intercourse/sex,Not at all concerned
50000156,TN,Democrat,Somewhat liberal,Non-denominational or Independent Church,Never,Very concerned
50000158,NY,Independent,Somewhat liberal,Nothing in particular,Never,Somewhat concerned
50000159,PA,Republican,Very conservative,Protestant,Never,Not at all concerned
50000160,WA,Democrat,Moderate,Baptist,Almost every time,Very concerned
50000161,FL,Independent,Somewhat conservative,Nothing in particular,Never,Not at all concerned
50000162,NY,Democrat,Very liberal,Christian (Just Christian),Not applicable/Does not have vaginal intercourse/sex,Very concerned
50000163,IN,Independent,Somewhat liberal,Protestant,Every time,Very concerned
50000164,AZ,Independent,Somewhat liberal,Nothing in particular,Every time,Very concerned
50000166,OH,Democrat,Somewhat liberal,"Catholic, Roman Catholic",Never,Very concerned
50000167,WV,Independent,Somewhat conservative,Christian (Just Christian),Every time,Not at all concerned
50000168,KY,Democrat,Somewhat liberal,"Catholic, Roman Catholic",Every time,Very concerned
50000169,FL,Republican,Somewhat conservative,"Catholic, Roman Catholic",Not applicable/Does not have vaginal intercourse/sex,Somewhat concerned
50000170,SC,Independent,Moderate,Protestant,Never,Not at all concerned
50000171,MI,Don't know,Very conservative,Christian (Just Christian),Never,Not very concerned
50000175,CA,Independent,Very conservative,Protestant,Never,Not at all concerned
50000178,GA,Refused,Refused,Protestant,Not applicable/Does not have vaginal intercourse/sex,Not applicable/don't believe in birth control
50000179,MD,Independent,Moderate,Protestant,Never,Refused
50000180,MI,Refused,Refused,Refused,Never,Very concerned
50000182,OH,Independent,Moderate,Protestant,Never,Somewhat concerned
50000185,CA,Independent,Moderate,Christian (Just Christian),Every time,Not at all concerned
50000187,WI,Refused,Refused,Lutheran,Not applicable/Does not have vaginal intercourse/sex,Very concerned
50000188,NY,Democrat,Somewhat liberal,Jewish/Judaism,Never,Very concerned
50000189,NC,Republican,Somewhat conservative,Protestant,Never,Not at all concerned
50000191,NY,Republican,Somewhat conservative,Nothing in particular,Never,Not at all concerned
50000192,NC,Independent,Very conservative,Protestant,Never,Not at all concerned
50000193,IL,Independent,Somewhat liberal,Protestant,Never,Not at all concerned
50000195,CT,Independent,Somewhat liberal,Nothing in particular,Refused,Very concerned
50000196,PA,Independent,Moderate,Refused,Every time,Very concerned
50000197,AR,Democrat,Somewhat liberal,Protestant,Never,Not at all concerned
50000198,NY,Democrat,Moderate,Hindu,Every time,Very concerned
50000199,IL,Republican,Very conservative,Protestant,Not applicable/Does not have vaginal intercourse/sex,Somewhat concerned
50000200,TN,Democrat,Somewhat conservative,Protestant,Never,Somewhat concerned
50000201,TX,Republican,Very conservative,"Catholic, Roman Catholic",Every time,Not at all concerned
50000202,VA,Refused,Somewhat conservative,Baptist,Every time,Not at all concerned
50000203,WI,Democrat,Somewhat conservative,Lutheran,Never,Not very concerned
50000204,OK,Refused,Refused,Christian (Just Christian),Never,Not at all concerned
50000205,VT,Independent,Somewhat conservative,Mormon (Church of Jesus Christ of Latter-Day Saints/LDS),Never,Not very concerned
50000208,KY,Democrat,Very conservative,Baptist,Never,Not at all concerned
50000209,PA,Independent,Refused,Christian (Just Christian),Not applicable/Does not have vaginal intercourse/sex,Not applicable/don't believe in birth control
50000210,NY,Independent,Somewhat conservative,"Catholic, Roman Catholic",About half the time,Somewhat concerned
50000211,KY,Republican,Very conservative,Christian (Just Christian),Never,Not at all concerned
50000212,KY,Independent,Very liberal,Atheist,Never,Very concerned
50000213,NJ,Democrat,Somewhat liberal,Nothing in particular,Almost every time,Very concerned
50000215,SC,Democrat,Moderate,Muslim/Islamic,Almost every time,Not very concerned
50000216,FL,Independent,Moderate,"Catholic, Roman Catholic",Never,Not at all concerned
50000219,PA,Democrat,Somewhat liberal,Protestant,Not applicable/Does not have vaginal intercourse/sex,Very concerned
50000220,NY,Independent,Very conservative,Nothing in particular,Never,Not at all concerned
50000222,GA,Independent,Refused,Nothing in particular,Refused,Not at all concerned
50000223,SC,Republican,Somewhat conservative,"Catholic, Roman Catholic",Not applicable/Does not have vaginal intercourse/sex,Not at all concerned
50000224,NY,Republican,Somewhat conservative,"Catholic, Roman Catholic",Never,Not at all concerned
50000226,TX,Democrat,Very liberal,Agnostic,Not applicable/Does not have vaginal intercourse/sex,Very concerned
50000227,MN,Independent,Refused,Lutheran,Never,Not at all concerned
50000228,AZ,Independent,Moderate,Nothing in particular,Not applicable/Does not have vaginal intercourse/sex,Not at all concerned
50000229,MN,Republican,Very conservative,"Catholic, Roman Catholic",Never,Very concerned
50000230,IA,Democrat,Somewhat liberal,Atheist,About half the time,Very concerned
50000232,WI,Democrat,Somewhat liberal,Atheist,Not applicable/Does not have vaginal intercourse/sex,Very concerned
50000234,MN,Independent,Moderate,Nothing in particular,Never,Not at all concerned
50000235,AL,Independent,Very conservative,Baptist,Never,Not at all concerned
50000238,WI,Democrat,Moderate,"Catholic, Roman Catholic",Never,Somewhat concerned
50000240,KS,Republican,Very conservative,Nothing in particular,Never,Not at all concerned
50000242,CA,Democrat,Very liberal,Protestant,Never,Very concerned
50000243,OR,Independent,Somewhat liberal,"Catholic, Roman Catholic",Every time,Not at all concerned
50000244,WA,Independent,Moderate,Muslim/Islamic,Never,Very concerned
50000247,VA,Democrat,Somewhat conservative,"Catholic, Roman Catholic",Never,Not applicable/don't believe in birth control
50000248,FL,Independent,Very liberal,"Catholic, Roman Catholic",Every time,Very concerned
50000250,WA,Democrat,Somewhat liberal,Christian (Just Christian),Almost every time,Very concerned
50000253,IN,Republican,Very conservative,Other,Not applicable/Does not have vaginal intercourse/sex,Not very concerned
50000254,VT,Refused,Moderate,"Catholic, Roman Catholic",Every time,Don't know
50000255,MI,Republican,Moderate,"Catholic, Roman Catholic",Never,Not very concerned
50000258,FL,Independent,Somewhat conservative,"Catholic, Roman Catholic",Not applicable/Does not have vaginal intercourse/sex,Somewhat concerned
50000260,PA,Democrat,Moderate,Christian (Just Christian),Not applicable/Does not have vaginal intercourse/sex,Very concerned
50000261,TN,Republican,Moderate,"Catholic, Roman Catholic",Never,Not at all concerned
50000262,PA,Democrat,Somewhat liberal,Jewish/Judaism,Never,Somewhat concerned
50000263,NY,Democrat,Very liberal,"Catholic, Roman Catholic",Not applicable/Does not have vaginal intercourse/sex,Somewhat concerned
50000264,WV,Independent,Somewhat conservative,Baptist,About half the time,Not at all concerned
50000265,TX,Republican,Very conservative,Protestant,Never,Not at all concerned
50000266,VA,Republican,Very conservative,"Catholic, Roman Catholic",Never,Not at all concerned
50000267,CT,Independent,Moderate,"Catholic, Roman Catholic",Not applicable/Does not have vaginal intercourse/sex,Not at all concerned
50000268,VA,Democrat,Somewhat liberal,Nothing in particular,Never,Very concerned
50000269,OH,Republican,Somewhat liberal,Protestant,Not applicable/Does not have vaginal intercourse/sex,Somewhat concerned
50000270,FL,Democrat,Somewhat conservative,Christian (Just Christian),Never,Not at all concerned
50000271,IN,Republican,Somewhat conservative,Methodist,Never,Not at all concerned
50000272,SC,Democrat,Somewhat conservative,Protestant,Not applicable/Does not have vaginal intercourse/sex,Very concerned
50000273,MD,Democrat,Very liberal,Nothing in particular,Not applicable/Does not have vaginal intercourse/sex,Very concerned
50000274,NJ,Independent,Moderate,"Catholic, Roman Catholic",Never,Somewhat concerned
50000277,NC,Republican,Somewhat conservative,Christian (Just Christian),Never,Not at all concerned
50000278,FL,Republican,Very conservative,"Pentecostal (Assemblies of God, Four-Square Gospel)",Never,Not at all concerned
50000279,FL,Republican,Very conservative,"Catholic, Roman Catholic",Never,Not at all concerned
50000280,MI,Democrat,Somewhat liberal,Baptist,Not applicable/Does not have vaginal intercourse/sex,Not at all concerned
50000281,NJ,Democrat,Very conservative,"Catholic, Roman Catholic",Never,Very concerned
50000286,NY,Democrat,Very liberal,Jewish/Judaism,Never,Very concerned
50000287,MO,Democrat,Very liberal,Nothing in particular,Never,Very concerned
50000288,MI,Democrat,Moderate,Protestant,Not applicable/Does not have vaginal intercourse/sex,Somewhat concerned
50000289,KY,Independent,Somewhat conservative,Nothing in particular,Every time,Not at all concerned
50000290,MS,Independent,Very liberal,Hindu,Never,Not at all concerned
50000292,TX,Democrat,Somewhat conservative,"Catholic, Roman Catholic",Never,Somewhat concerned
50000293,LA,Republican,Somewhat conservative,Protestant,Never,Not at all concerned
50000294,MO,Independent,Very conservative,Jewish/Judaism,Never,Not at all concerned
50000295,AL,Independent,Very conservative,"Catholic, Roman Catholic",Never,Not at all concerned
50000298,NV,Democrat,Moderate,"Catholic, Roman Catholic",Refused,Somewhat concerned
50000300,TN,Republican,Very conservative,Protestant,Not applicable/Does not have vaginal intercourse/sex,Not at all concerned
50000301,AL,Independent,Somewhat liberal,Protestant,Every time,Very concerned
50000303,PA,Democrat,Very liberal,Nothing in particular,Every time,Very concerned
50000304,TX,Independent,Moderate,Protestant,Never,Somewhat concerned
50000305,TX,Independent,Refused,Christian (Just Christian),Not applicable/Does not have vaginal intercourse/sex,Not at all concerned
50000306,TX,Independent,Somewhat liberal,Jewish/Judaism,Not applicable/Does not have vaginal intercourse/sex,Not at all concerned
50000307,IL,Democrat,Moderate,"Catholic, Roman Catholic",Not applicable/Does not have vaginal intercourse/sex,Very concerned
50000308,LA,Independent,Moderate,"Church of Christ, or Disciples of Christ (Christian Church)",Not applicable/Does not have vaginal intercourse/sex,Not at all concerned
50000310,TX,Republican,Very conservative,Protestant,Not applicable/Does not have vaginal intercourse/sex,Very concerned
50000311,IA,Independent,Somewhat conservative,Christian (Just Christian),Not applicable/Does not have vaginal intercourse/sex,Not very concerned
50000312,MO,Democrat,Somewhat liberal,"Catholic, Roman Catholic",Refused,Very concerned
50000313,TN,Independent,Somewhat conservative,Church of God,Never,Very concerned
50000314,CA,Republican,Very conservative,Lutheran,Never,Not at all concerned
50000315,IL,Independent,Very conservative,Nothing in particular,Not applicable/Does not have vaginal intercourse/sex,Not at all concerned
50000316,WA,Independent,Very liberal,"Catholic, Roman Catholic",Not applicable/Does not have vaginal intercourse/sex,Very concerned
50000317,AL,Republican,Somewhat conservative,Nothing in particular,Not applicable/Does not have vaginal intercourse/sex,Not at all concerned
50000318,OK,Republican,Very conservative,Protestant,Never,Not at all concerned
50000320,DC,Democrat,Very liberal,Atheist,Every time,Very concerned
50000321,CA,Independent,Moderate,Agnostic,Not applicable/Does not have vaginal intercourse/sex,Not very concerned
50000323,WA,Democrat,Somewhat liberal,"Catholic, Roman Catholic",Never,Very concerned
50000324,OR,Refused,Don't know,Nothing in particular,Not applicable/Does not have vaginal intercourse/sex,Not at all concerned
50000327,CA,Democrat,Moderate,"Catholic, Roman Catholic",Never,Very concerned
50000328,CA,Republican,Very conservative,Nothing in particular,Not applicable/Does not have vaginal intercourse/sex,Somewhat concerned
50000329,CA,Republican,Very liberal,"Catholic, Roman Catholic",Never,Very concerned
50000330,CA,Democrat,Somewhat liberal,Christian (Just Christian),Not applicable/Does not have vaginal intercourse/sex,Very concerned
50000332,AL,Democrat,Moderate,Baptist,Never,Very concerned
50000335,TN,Democrat,Moderate,Nothing in particular,Every time,Not at all concerned
50000337,GA,Democrat,Refused,Baptist,Once in a while,Not at all concerned
50000338,SC,Republican,Moderate,Nothing in particular,Never,Not at all concerned
50000339,PA,Republican,Moderate,Protestant,Never,Very concerned
50000340,VA,Democrat,Moderate,Nothing in particular,Every time,Somewhat concerned
50000342,NM,Democrat,Moderate,Muslim/Islamic,Never,Not very concerned
50000343,VA,Democrat,Very liberal,Atheist,Never,Very concerned
50000345,WV,Independent,Moderate,Nothing in particular,Every time,Not very concerned
50000346,AZ,Independent,Somewhat liberal,"Catholic, Roman Catholic",Every time,Somewhat concerned
50000349,OK,Democrat,Moderate,Baptist,Every time,Very concerned
50000351,MN,Democrat,Somewhat liberal,"Catholic, Roman Catholic",Never,Very concerned
50000352,FL,Independent,Don't know,"Catholic, Roman Catholic",Not applicable/Does not have vaginal intercourse/sex,Somewhat concerned
50000353,CA,Democrat,Somewhat liberal,Protestant,Never,Not at all concerned
50000354,RI,Independent,Somewhat conservative,"Catholic, Roman Catholic",Never,Not very concerned
50000355,AZ,Independent,Moderate,"Catholic, Roman Catholic",Never,Not at all concerned
50000356,PA,Independent,Somewhat conservative,Protestant,Never,Not at all concerned
50000358,NJ,Independent,Moderate,"Catholic, Roman Catholic",Never,Very concerned
50000359,CA,Democrat,Moderate,"Catholic, Roman Catholic",Never,Somewhat concerned
50000360,MN,Independent,Somewhat conservative,Protestant,Never,Not at all concerned
50000362,NV,Democrat,Somewhat liberal,Nothing in particular,Every time,Very concerned
50000363,AZ,Republican,Very conservative,Mormon (Church of Jesus Christ of Latter-Day Saints/LDS),Never,Not at all concerned
50000364,NJ,Independent,Somewhat liberal,Protestant,Almost every time,Very concerned
50000365,NJ,Independent,Moderate,Protestant,Never,Not at all concerned
50000366,PA,Independent,Very liberal,Nothing in particular,Not applicable/Does not have vaginal intercourse/sex,Not very concerned
50000367,MN,Democrat,Very liberal,Buddhist,Not applicable/Does not have vaginal intercourse/sex,Very concerned
50000368,FL,Refused,Very conservative,Protestant,Not applicable/Does not have vaginal intercourse/sex,Not at all concerned
50000370,PA,Independent,Moderate,"Catholic, Roman Catholic",Never,Not at all concerned
50000371,FL,Republican,Somewhat conservative,Protestant,Never,Not at all concerned
50000372,IL,Democrat,Moderate,Nothing in particular,Every time,Not at all concerned
50000373,OH,Democrat,Somewhat conservative,"Catholic, Roman Catholic",Not applicable/Does not have vaginal intercourse/sex,Not at all concerned
50000375,MI,Democrat,Very liberal,"Catholic, Roman Catholic",Not applicable/Does not have vaginal intercourse/sex,Very concerned
50000376,MD,Independent,Moderate,Christian (Just Christian),Refused,Not very concerned
50000378,DE,Democrat,Very liberal,"Catholic, Roman Catholic",Not applicable/Does not have vaginal intercourse/sex,Very concerned
50000379,CA,Refused,Very conservative,Lutheran,Not applicable/Does not have vaginal intercourse/sex,Not applicable/don't believe in birth control
50000380,CA,Independent,Moderate,Protestant,Never,Not at all concerned
50000383,VA,Democrat,Somewhat conservative,Protestant,Once in a while,Not very concerned
50000384,NV,Republican,Somewhat conservative,Lutheran,Never,Very concerned
50000385,MA,Don't know,Somewhat conservative,"Catholic, Roman Catholic",Not applicable/Does not have vaginal intercourse/sex,Not at all concerned
50000386,SC,Republican,Somewhat conservative,Christian (Just Christian),Not applicable/Does not have vaginal intercourse/sex,Not applicable/don't believe in birth control
50000387,TX,Democrat,Moderate,Christian (Just Christian),Never,Not very concerned
50000389,IL,Democrat,Somewhat conservative,"Pentecostal (Assemblies of God, Four-Square Gospel)",Never,Somewhat concerned
50000390,NY,Democrat,Very conservative,"Catholic, Roman Catholic",Not applicable/Does not have vaginal intercourse/sex,Very concerned
50000393,MI,Refused,Moderate,"Catholic, Roman Catholic",Refused,Very concerned
50000395,FL,Republican,Very conservative,"Catholic, Roman Catholic",Every time,Somewhat concerned
50000396,TX,Republican,Very conservative,Christian (Just Christian),Never,Very concerned
50000398,SC,Democrat,Moderate,Protestant,Once in a while,Not very concerned
50000399,KY,Democrat,Somewhat liberal,"Catholic, Roman Catholic",Never,Very concerned
50000402,IN,Independent,Somewhat conservative,Protestant,Never,Not very concerned
50000403,OH,Republican,Moderate,Protestant,Never,Not at all concerned
50000404,OH,Republican,Moderate,Nothing in particular,Every time,Not at all concerned
50000405,UT,Republican,Very conservative,"Church of Christ, or Disciples of Christ (Christian Church)",Never,Not at all concerned
50000407,OH,Republican,Very conservative,Protestant,Never,Not at all concerned
50000408,KY,Republican,Somewhat conservative,Methodist,Never,Not at all concerned
50000409,WA,Independent,Somewhat liberal,Nothing in particular,Every time,Somewhat concerned
50000410,NC,Republican,Very conservative,Protestant,Never,Not at all concerned
50000413,WV,Republican,Somewhat conservative,Protestant,Not applicable/Does not have vaginal intercourse/sex,Not at all concerned
50000414,TN,Republican,Very conservative,Protestant,Not applicable/Does not have vaginal intercourse/sex,Not very concerned
50000418,PA,Democrat,Very conservative,Protestant,Never,Not at all concerned
50000419,NC,Independent,Moderate,Nothing in particular,Never,Somewhat concerned
50000420,NY,Democrat,Moderate,"Catholic, Roman Catholic",Never,Not at all concerned
50000421,CA,Democrat,Moderate,Protestant,Never,Very concerned
50000422,NY,Republican,Very conservative,Christian (Just Christian),Never,Not at all concerned
50000423,MI,Democrat,Very liberal,Protestant,Never,Very concerned
50000427,CA,Democrat,Somewhat liberal,Protestant,Never,Very concerned
50000428,CA,Republican,Very conservative,Christian (Just Christian),Never,Not at all concerned
50000429,TX,Democrat,Somewhat liberal,Nothing in particular,Never,Very concerned
50000430,FL,Democrat,Moderate,Christian (Just Christian),Not applicable/Does not have vaginal intercourse/sex,Not very concerned
50000431,SD,Democrat,Somewhat liberal,Protestant,Not applicable/Does not have vaginal intercourse/sex,Very concerned
50000436,NY,Democrat,Somewhat conservative,Nothing in particular,Never,Very concerned
50000438,CT,Refused,Somewhat liberal,"Catholic, Roman Catholic",Never,Very concerned
50000440,MA,Republican,Very conservative,Atheist,Never,Not at all concerned
50000441,MI,Democrat,Moderate,Protestant,Not applicable/Does not have vaginal intercourse/sex,Very concerned
50000442,MO,Democrat,Very liberal,Nothing in particular,Not applicable/Does not have vaginal intercourse/sex,Not applicable/don't believe in birth control
50000444,CT,Democrat,Very liberal,"Catholic, Roman Catholic",Never,Very concerned
50000445,NC,Independent,Somewhat conservative,Protestant,Never,Not very concerned
50000449,NY,Independent,Moderate,"Pentecostal (Assemblies of God, Four-Square Gospel)",Not applicable/Does not have vaginal intercourse/sex,Somewhat concerned
50000452,KS,Independent,Somewhat liberal,Protestant,Every time,Somewhat concerned
50000455,OH,Republican,Somewhat liberal,Baptist,Never,Not at all concerned
50000456,MO,Democrat,Somewhat liberal,Protestant,Every time,Very concerned
50000458,MT,Refused,Refused,Refused,Never,Not at all concerned
50000459,FL,Republican,Somewhat conservative,Protestant,Not applicable/Does not have vaginal intercourse/sex,Not at all concerned
50000461,MN,Republican,Very conservative,"Catholic, Roman Catholic",Never,Not at all concerned
50000462,MD,Democrat,Moderate,Jewish/Judaism,Never,Not at all concerned
50000467,IN,Democrat,Very conservative,Protestant,Every time,Not very concerned
50000468,OH,Democrat,Somewhat liberal,Presbyterian,Never,Very concerned
50000471,MN,Republican,Very conservative,Lutheran,Not applicable/Does not have vaginal intercourse/sex,Not at all concerned
50000473,DE,Democrat,Somewhat conservative,Baptist,Never,Not at all concerned
70000002,MD,Independent,Moderate,"Catholic, Roman Catholic",Never,Very concerned
70000004,ME,Republican,Very conservative,Protestant,Never,Somewhat concerned
70000007,TX,Democrat,Moderate,"Catholic, Roman Catholic",Never,Very concerned
70000008,GA,Republican,Somewhat conservative,"Catholic, Roman Catholic",Never,Not very concerned
70000009,OH,Independent,Somewhat conservative,Nothing in particular,Almost every time,Somewhat concerned
70000010,FL,Democrat,Moderate,Jewish/Judaism,Never,Very concerned
70000011,NY,Democrat,Somewhat liberal,Protestant,Every time,Very concerned
70000012,OH,Independent,Moderate,Nothing in particular,Never,Somewhat concerned
70000013,NC,Democrat,Somewhat liberal,Nothing in particular,Every time,Not at all concerned
70000014,GA,Democrat,Somewhat liberal,Nothing in particular,Not applicable/Does not have vaginal intercourse/sex,Not very concerned
70000016,PA,Republican,Somewhat conservative,Refused,Every time,Not at all concerned
70000017,FL,Republican,Very conservative,Protestant,Never,Not at all concerned
70000019,FL,Democrat,Very liberal,Christian (Just Christian),Every time,Not at all concerned
70000020,IN,Democrat,Somewhat liberal,"Catholic, Roman Catholic",Every time,Very concerned
70000021,GA,Democrat,Somewhat liberal,Christian (Just Christian),Once in a while,Not very concerned
70000024,SC,Independent,Moderate,Agnostic,Never,Very concerned
70000027,PA,Republican,Somewhat conservative,Protestant,Never,Not at all concerned
70000028,DE,Independent,Moderate,Protestant,Once in a while,Somewhat concerned
70000030,TX,Democrat,Moderate,Christian (Just Christian),Almost every time,Not very concerned
70000032,NC,Independent,Somewhat conservative,Nothing in particular,Almost every time,Not very concerned
70000033,TX,Independent,Very conservative,"Catholic, Roman Catholic",Never,Not at all concerned
70000034,FL,Don't know,Don't know,Refused,Not applicable/Does not have vaginal intercourse/sex,Very concerned
70000035,VA,Independent,Moderate,Protestant,Every time,Not very concerned
70000039,MA,Independent,Somewhat liberal,Nothing in particular,Every time,Very concerned
70000042,FL,Republican,Somewhat liberal,Buddhist,Never,Not at all concerned
70000043,FL,Democrat,Moderate,Church of God,Once in a while,Not very concerned
70000046,NY,Republican,Very conservative,Atheist,Every time,Somewhat concerned
70000049,NC,Democrat,Somewhat conservative,Protestant,Every time,Somewhat concerned
70000050,SC,Republican,Very conservative,Christian (Just Christian),Once in a while,Not at all concerned
70000051,DE,Democrat,Very liberal,Atheist,Every time,Very concerned
70000052,NC,Independent,Moderate,Christian (Just Christian),Never,Somewhat concerned
70000053,FL,Democrat,Somewhat conservative,Christian (Just Christian),About half the time,Very concerned
70000054,PA,Republican,Moderate,"Catholic, Roman Catholic",Never,Not at all concerned
70000055,SC,Republican,Very conservative,Nothing in particular,Every time,Not very concerned
70000057,FL,Republican,Somewhat liberal,Protestant,Never,Not at all concerned
70000058,MI,Democrat,Moderate,Atheist,Never,Not very concerned
70000059,FL,Democrat,Moderate,Christian (Just Christian),Every time,Somewhat concerned
70000060,KY,Republican,Somewhat conservative,Protestant,Every time,Not very concerned
70000061,PA,Independent,Refused,Refused,Never,Not at all concerned
70000062,ME,Independent,Moderate,Nothing in particular,Never,Not at all concerned
70000063,VA,Republican,Very conservative,Protestant,Almost every time,Somewhat concerned
70000065,MD,Democrat,Very conservative,Christian (Just Christian),Every time,Very concerned
70000066,VA,Independent,Somewhat conservative,Atheist,Almost every time,Not very concerned
70000067,FL,Independent,Moderate,Agnostic,Almost every time,Very concerned
70000068,NC,Independent,Very liberal,Nothing in particular,Every time,Very concerned
70000069,TN,Democrat,Moderate,"Catholic, Roman Catholic",Every time,Very concerned
70000070,MA,Republican,Somewhat conservative,"Catholic, Roman Catholic",Never,Not very concerned
70000071,FL,Republican,Very conservative,Protestant,Never,Not at all concerned
70000072,NJ,Republican,Somewhat conservative,Protestant,Never,Not at all concerned
70000073,GA,Independent,Moderate,Protestant,Every time,Very concerned
70000074,FL,Independent,Somewhat liberal,Atheist,Almost every time,Very concerned
70000076,IN,Independent,Somewhat conservative,Protestant,Don't know,Not at all concerned
70000077,FL,Independent,Moderate,Mormon (Church of Jesus Christ of Latter-Day Saints/LDS),Never,Not at all concerned
70000079,SC,Independent,Moderate,Protestant,Every time,Very concerned
70000080,MD,Independent,Somewhat liberal,"Catholic, Roman Catholic",Not applicable/Does not have vaginal intercourse/sex,Not applicable/don't believe in birth control
70000081,GA,Independent,Moderate,"Catholic, Roman Catholic",Never,Not at all concerned
70000082,MN,Independent,Moderate,Nothing in particular,Almost every time,Not very concerned
70000084,IL,Independent,Moderate,Non-denominational or Independent Church,Every time,Very concerned
70000085,LA,Independent,Somewhat conservative,Nothing in particular,Never,Not at all concerned
70000087,TX,Democrat,Very liberal,Agnostic,About half the time,Very concerned
70000088,MO,Independent,Moderate,"Catholic, Roman Catholic",Never,Not at all concerned
70000089,KS,Democrat,Somewhat liberal,Christian (Just Christian),Almost every time,Very concerned
70000090,TX,Republican,Somewhat conservative,Jewish/Judaism,Every time,Not at all concerned
70000091,TX,Democrat,Moderate,"Catholic, Roman Catholic",Every time,Somewhat concerned
70000092,IA,Independent,Moderate,Atheist,Never,Not at all concerned
70000093,TX,Democrat,Moderate,Christian (Just Christian),Almost every time,Very concerned
70000094,TX,Independent,Moderate,Muslim/Islamic,Never,Somewhat concerned
70000095,IL,Independent,Somewhat liberal,Nothing in particular,Every time,Not very concerned
70000096,IL,Independent,Moderate,Nothing in particular,Never,Very concerned
70000099,TX,Independent,Moderate,Protestant,Not applicable/Does not have vaginal intercourse/sex,Very concerned
70000101,CO,Democrat,Somewhat liberal,Non-denominational or Independent Church,Every time,Not very concerned
70000102,ID,Republican,Moderate,Nothing in particular,Never,Not very concerned
70000103,UT,Republican,Very conservative,Mormon (Church of Jesus Christ of Latter-Day Saints/LDS),Never,Not at all concerned
70000106,AZ,Democrat,Moderate,Christian (Just Christian),Not applicable/Does not have vaginal intercourse/sex,Not very concerned
70000107,OR,Republican,Very conservative,Christian (Just Christian),Never,Somewhat concerned
70000108,AZ,Democrat,Somewhat liberal,"Catholic, Roman Catholic",Every time,Very concerned
70000109,NM,Republican,Somewhat conservative,Christian (Just Christian),Not applicable/Does not have vaginal intercourse/sex,Not very concerned
70000110,WA,Democrat,Very liberal,Agnostic,Never,Very concerned
70000113,CA,Independent,Very liberal,"Catholic, Roman Catholic",Never,Refused
70000115,CA,Republican,Moderate,Nothing in particular,Never,Somewhat concerned
70000116,OR,Independent,Somewhat liberal,Baptist,Every time,Not very concerned
70000118,CA,Independent,Moderate,Atheist,Once in a while,Somewhat concerned
70000121,SC,Republican,Somewhat conservative,Nothing in particular,Never,Not at all concerned
70000122,FL,Democrat,Moderate,Christian (Just Christian),Once in a while,Somewhat concerned
70000123,MI,Republican,Somewhat conservative,Buddhist,Not applicable/Does not have vaginal intercourse/sex,Not very concerned
70000125,IN,Republican,Somewhat conservative,Nothing in particular,Every time,Somewhat concerned
70000126,CA,Democrat,Moderate,Nothing in particular,Never,Very concerned
70000128,WV,Republican,Very conservative,Protestant,Never,Somewhat concerned
70000129,VA,Independent,Very liberal,Baptist,Never,Not very concerned
70000130,TX,Democrat,Moderate,Refused,Never,Not at all concerned
70000136,NV,Refused,Somewhat conservative,"Catholic, Roman Catholic",Every time,Not at all concerned
70000137,FL,Republican,Somewhat conservative,Protestant,Not applicable/Does not have vaginal intercourse/sex,Not very concerned
70000138,SC,Democrat,Moderate,Nothing in particular,Every time,Not very concerned
70000140,AL,Democrat,Moderate,Christian (Just Christian),Never,Not applicable/don't believe in birth control
70000142,FL,Independent,Moderate,Nothing in particular,Every time,Not very concerned
70000143,NY,Republican,Somewhat conservative,"Catholic, Roman Catholic",Never,Not very concerned
70000144,FL,Republican,Somewhat conservative,Protestant,Never,Not at all concerned
70000146,RI,Democrat,Moderate,"Catholic, Roman Catholic",Every time,Not at all concerned
70000148,VA,Republican,Moderate,"Catholic, Roman Catholic",Never,Not at all concerned
70000149,GA,Republican,Somewhat conservative,"Catholic, Roman Catholic",Almost every time,Somewhat concerned
70000150,OH,Democrat,Moderate,"Catholic, Roman Catholic",Never,Not at all concerned
70000151,NY,Independent,Moderate,Other,Never,Not at all concerned
70000152,MD,Democrat,Somewhat liberal,Unitarian/Universalist,Not applicable/Does not have vaginal intercourse/sex,Very concerned
70000153,OH,Independent,Somewhat liberal,Baptist,Every time,Not very concerned
70000155,FL,Independent,Moderate,Christian (Just Christian),Never,Not at all concerned
70000156,OH,Independent,Very liberal,"Orthodox (Eastern, Greek, Russian, Armenian, etc)",Never,Very concerned
70000157,FL,Independent,Very liberal,Agnostic,Every time,Somewhat concerned
70000158,MA,Independent,Somewhat liberal,"Catholic, Roman Catholic",Every time,Very concerned
70000159,PA,Democrat,Somewhat liberal,Protestant,Every time,Somewhat concerned
70000160,FL,Democrat,Somewhat liberal,"Catholic, Roman Catholic",Every time,Not at all concerned
70000162,VA,Independent,Moderate,Agnostic,Every time,Somewhat concerned
70000164,NC,Independent,Moderate,Christian (Just Christian),Never,Not at all concerned
70000166,VA,Democrat,Somewhat liberal,Christian (Just Christian),Never,Very concerned
70000168,NC,Democrat,Very conservative,"Pentecostal (Assemblies of God, Four-Square Gospel)",Never,Not at all concerned
70000169,VA,Independent,Moderate,Refused,Never,Very concerned
70000170,MD,Republican,Somewhat conservative,Protestant,Never,Not very concerned
70000172,PA,Democrat,Somewhat conservative,Episcopalian or Anglican,Almost every time,Somewhat concerned
70000173,IN,Democrat,Moderate,Christian (Just Christian),Every time,Very concerned
70000175,IN,Republican,Very conservative,Christian (Just Christian),Not applicable/Does not have vaginal intercourse/sex,Somewhat concerned
70000176,MA,Democrat,Moderate,Atheist,Every time,Not very concerned
70000177,SC,Republican,Somewhat conservative,Protestant,Refused,Not at all concerned
70000179,NC,Democrat,Moderate,Nothing in particular,Not applicable/Does not have vaginal intercourse/sex,Very concerned
70000181,NY,Democrat,Very liberal,Atheist,Every time,Very concerned
70000183,MI,Republican,Very conservative,"Catholic, Roman Catholic",Never,Not at all concerned
70000184,VA,Independent,Moderate,Christian (Just Christian),Never,Not at all concerned
70000185,SC,Independent,Somewhat liberal,Nothing in particular,Never,Somewhat concerned
70000187,NJ,Republican,Somewhat conservative,"Catholic, Roman Catholic",About half the time,Not at all concerned
70000188,TX,Independent,Very liberal,"Catholic, Roman Catholic",Never,Not very concerned
70000189,IN,Independent,Somewhat conservative,Protestant,Every time,Somewhat concerned
70000190,PA,Democrat,Moderate,Protestant,Never,Very concerned
70000191,GA,Democrat,Moderate,"Catholic, Roman Catholic",Every time,Not at all concerned
70000192,NJ,Republican,Very conservative,Jewish/Judaism,Every time,Not at all concerned
70000193,VA,Republican,Very conservative,Protestant,Never,Somewhat concerned
70000197,FL,Democrat,Moderate,"Catholic, Roman Catholic",About half the time,Very concerned
70000198,NC,Independent,Very conservative,Mormon (Church of Jesus Christ of Latter-Day Saints/LDS),Never,Not at all concerned
70000199,NY,Independent,Moderate,Nothing in particular,Every time,Somewhat concerned
70000201,NC,Independent,Somewhat conservative,Nothing in particular,Every time,Very concerned
70000206,TX,Independent,Very conservative,Nothing in particular,Never,Very concerned
70000210,MD,Democrat,Very liberal,Atheist,Refused,Very concerned
70000211,NY,Independent,Somewhat conservative,"Catholic, Roman Catholic",Never,Not at all concerned
70000213,SC,Independent,Very conservative,Episcopalian or Anglican,Never,Not at all concerned
70000215,KY,Democrat,Very liberal,Christian (Just Christian),Every time,Not at all concerned
70000216,RI,Democrat,Somewhat liberal,Nothing in particular,Every time,Very concerned
70000217,GA,Democrat,Somewhat liberal,Christian (Just Christian),Never,Very concerned
70000218,AR,Democrat,Moderate,Protestant,Every time,Somewhat concerned
70000219,NY,Democrat,Very liberal,"Catholic, Roman Catholic",Every time,Very concerned
70000220,FL,Republican,Very conservative,Christian (Just Christian),Not applicable/Does not have vaginal intercourse/sex,Very concerned
70000222,SC,Republican,Very conservative,Nothing in particular,Every time,Somewhat concerned
70000226,MA,Independent,Moderate,Christian (Just Christian),Every time,Not very concerned
70000228,ME,Independent,Moderate,Non-denominational or Independent Church,Not applicable/Does not have vaginal intercourse/sex,Very concerned
70000229,NJ,Independent,Somewhat liberal,Christian (Just Christian),Every time,Not very concerned
70000230,CT,Republican,Somewhat conservative,Protestant,Refused,Not at all concerned
70000231,PA,Independent,Very liberal,Nothing in particular,Refused,Not at all concerned
70000232,NY,Independent,Very liberal,Nothing in particular,Every time,Somewhat concerned
70000233,NY,Democrat,Somewhat liberal,Nothing in particular,Every time,Somewhat concerned
70000236,CA,Democrat,Moderate,Christian (Just Christian),Every time,Somewhat concerned
70000238,OH,Democrat,Somewhat liberal,Nothing in particular,Never,Not at all concerned
70000239,FL,Republican,Somewhat liberal,Buddhist,Every time,Very concerned
70000240,MI,Democrat,Moderate,Agnostic,Every time,Somewhat concerned
70000241,PA,Democrat,Moderate,Protestant,Every time,Very concerned
70000243,NJ,Independent,Somewhat liberal,"Catholic, Roman Catholic",Every time,Somewhat concerned
70000247,NJ,Republican,Somewhat conservative,Christian (Just Christian),Every time,Not at all concerned
70000248,IL,Republican,Very conservative,Protestant,Refused,Not at all concerned
70000249,KS,Independent,Very conservative,Agnostic,Never,Very concerned
70000250,MA,Democrat,Very liberal,"Catholic, Roman Catholic",Never,Not at all concerned
70000252,LA,Democrat,Moderate,Protestant,Never,Not very concerned
70000254,IA,Republican,Moderate,Christian (Just Christian),Never,Not very concerned
70000255,IL,Democrat,Somewhat conservative,"Catholic, Roman Catholic",Never,Very concerned
70000256,IL,Republican,Very conservative,Protestant,Never,Not very concerned
70000258,LA,Democrat,Moderate,"Catholic, Roman Catholic",Every time,Very concerned
70000259,MO,Democrat,Very liberal,Protestant,Never,Somewhat concerned
70000260,TX,Independent,Moderate,Christian (Just Christian),Every time,Not at all concerned
70000264,TX,Independent,Moderate,Christian (Just Christian),Refused,Not at all concerned
70000265,IL,Independent,Moderate,Nothing in particular,Every time,Somewhat concerned
70000267,IL,Independent,Somewhat liberal,"Catholic, Roman Catholic",Never,Not at all concerned
70000268,TX,Republican,Very conservative,Christian (Just Christian),Never,Not at all concerned
70000269,MN,Independent,Moderate,Agnostic,Never,Very concerned
70000270,TX,Democrat,Somewhat liberal,"Orthodox (Eastern, Greek, Russian, Armenian, etc)",About half the time,Very concerned
70000271,ND,Independent,Moderate,Christian (Just Christian),Never,Not at all concerned
70000273,TX,Democrat,Somewhat liberal,"Catholic, Roman Catholic",Every time,Somewhat concerned
70000274,NE,Independent,Very conservative,"Catholic, Roman Catholic",Almost every time,Not at all concerned
70000275,CO,Republican,Very conservative,Methodist,Never,Very concerned
70000277,MD,Republican,Very conservative,Protestant,Never,Not at all concerned
70000278,CO,Independent,Somewhat conservative,Seventh-Day Adventist,Never,Not very concerned
70000279,KY,Republican,Very conservative,"Catholic, Roman Catholic",Never,Very concerned
70000282,CO,Democrat,Moderate,Agnostic,Every time,Very concerned
70000283,UT,Democrat,Somewhat liberal,"Catholic, Roman Catholic",Almost every time,Not at all concerned
70000284,CA,Democrat,Moderate,"Catholic, Roman Catholic",Never,Not very concerned
70000285,WY,Democrat,Moderate,"Catholic, Roman Catholic",About half the time,Somewhat concerned
70000286,CA,Independent,Moderate,"Catholic, Roman Catholic",Every time,Not very concerned
70000287,AZ,Democrat,Somewhat liberal,Nothing in particular,Never,Very concerned
70000288,MT,Republican,Moderate,Christian (Just Christian),Never,Very concerned
70000290,CA,Republican,Moderate,Christian (Just Christian),Every time,Not at all concerned
70000291,WA,Democrat,Very liberal,Agnostic,Every time,Very concerned
70000292,CA,Don't know,Moderate,"Catholic, Roman Catholic",Almost every time,Somewhat concerned
70000295,CA,Independent,Very liberal,Refused,Every time,Very concerned
70000297,NV,Republican,Very conservative,"Catholic, Roman Catholic",Never,Not at all concerned
70000299,TX,Independent,Very liberal,Atheist,Never,Not at all concerned
70000300,WA,Democrat,Somewhat liberal,Agnostic,Almost every time,Not very concerned
70000301,CA,Independent,Moderate,"Catholic, Roman Catholic",Never,Not very concerned
70000302,CA,Democrat,Moderate,Protestant,Never,Not at all concerned
70000303,OR,Democrat,Somewhat conservative,Christian (Just Christian),Never,Not at all concerned
70000304,NV,Republican,Very conservative,"Catholic, Roman Catholic",Not applicable/Does not have vaginal intercourse/sex,Not at all concerned
70000306,FL,Democrat,Moderate,Protestant,Never,Very concerned
70000308,AZ,Independent,Moderate,Protestant,Never,Not very concerned
70000309,CA,Democrat,Somewhat conservative,Christian (Just Christian),Never,Very concerned
70000310,WA,Democrat,Moderate,Nothing in particular,Every time,Very concerned
70000311,CA,Independent,Refused,Refused,Not applicable/Does not have vaginal intercourse/sex,Refused
70000312,CA,Independent,Very liberal,Agnostic,Every time,Somewhat concerned
70000313,CA,Democrat,Somewhat liberal,"Catholic, Roman Catholic",Once in a while,Not at all concerned
70000314,NV,Republican,Somewhat liberal,"Catholic, Roman Catholic",Not applicable/Does not have vaginal intercourse/sex,Not at all concerned
70000315,CA,Independent,Very liberal,"Catholic, Roman Catholic",Never,Not at all concerned
70000316,AZ,Republican,Very conservative,Nothing in particular,Every time,Not at all concerned
70000317,AZ,Independent,Moderate,Christian (Just Christian),Never,Not at all concerned
70000318,KY,Independent,Very conservative,Nothing in particular,Every time,Not at all concerned
70000319,CA,Democrat,Somewhat liberal,Nothing in particular,Never,Not very concerned
70000320,CA,Independent,Moderate,"Catholic, Roman Catholic",Never,Somewhat concerned
70000321,FL,Democrat,Moderate,"Church of Christ, or Disciples of Christ (Christian Church)",Not applicable/Does not have vaginal intercourse/sex,Not applicable/don't believe in birth control
70000322,FL,Democrat,Moderate,"Catholic, Roman Catholic",Not applicable/Does not have vaginal intercourse/sex,Somewhat concerned
70000323,OH,Republican,Somewhat conservative,Christian (Just Christian),Never,Somewhat concerned
70000325,AZ,Independent,Somewhat conservative,"Catholic, Roman Catholic",Never,Very concerned
70000326,TN,Republican,Somewhat conservative,Atheist,Every time,Not very concerned
70000327,MI,Republican,Somewhat conservative,"Catholic, Roman Catholic",Never,Not very concerned
70000330,FL,Republican,Somewhat conservative,Protestant,Once in a while,Very concerned
70000331,NY,Independent,Moderate,Lutheran,Once in a while,Somewhat concerned
70000332,NC,Republican,Very conservative,"Catholic, Roman Catholic",Every time,Not at all concerned
70000333,GA,Democrat,Moderate,Christian (Just Christian),Every time,Not very concerned
70000335,FL,Independent,Moderate,Nothing in particular,Every time,Not at all concerned
70000338,PA,Republican,Very liberal,Nothing in particular,Almost every time,Not very concerned
70000339,NY,Republican,Somewhat conservative,Protestant,Never,Not very concerned
70000340,NJ,Democrat,Moderate,Christian (Just Christian),Never,Very concerned
70000342,OH,Democrat,Somewhat liberal,"Catholic, Roman Catholic",Every time,Very concerned
70000345,TN,Republican,Very conservative,Protestant,Every time,Not at all concerned
70000346,PA,Democrat,Somewhat liberal,Protestant,Never,Very concerned
70000347,VA,Democrat,Very liberal,Nothing in particular,Every time,Very concerned
70000349,FL,Democrat,Very liberal,"Catholic, Roman Catholic",Not applicable/Does not have vaginal intercourse/sex,Somewhat concerned
70000350,AL,Independent,Somewhat conservative,"Catholic, Roman Catholic",Every time,Not very concerned
70000351,NY,Democrat,Moderate,Christian (Just Christian),Every time,Not very concerned
70000352,IN,Democrat,Moderate,Evangelical,Almost every time,Somewhat concerned
70000354,OH,Independent,Moderate,Protestant,Every time,Somewhat concerned
70000355,IN,Independent,Moderate,Nothing in particular,Almost every time,Very concerned
70000356,MT,Independent,Very liberal,Atheist,Every time,Not very concerned
70000357,NJ,Independent,Somewhat conservative,Nothing in particular,Every time,Not at all concerned
70000359,MI,Democrat,Somewhat conservative,Baptist,Never,Not at all concerned
70000360,NC,Republican,Somewhat conservative,Protestant,Every time,Not very concerned
70000361,OH,Independent,Moderate,Atheist,Almost every time,Somewhat concerned
70000364,MD,Republican,Somewhat conservative,"Catholic, Roman Catholic",Every time,Not very concerned
70000365,FL,Democrat,Don't know,"Catholic, Roman Catholic",Not applicable/Does not have vaginal intercourse/sex,Not at all concerned
70000366,FL,Democrat,Somewhat liberal,Nothing in particular,Every time,Somewhat concerned
70000367,SC,Independent,Somewhat conservative,Baptist,Never,Not at all concerned
70000369,VA,Republican,Somewhat liberal,Christian (Just Christian),Almost every time,Not very concerned
70000370,MA,Independent,Moderate,Protestant,Never,Somewhat concerned
70000372,CT,Democrat,Very liberal,Christian (Just Christian),Not applicable/Does not have vaginal intercourse/sex,Somewhat concerned
70000373,FL,Democrat,Very liberal,Christian (Just Christian),Every time,Not at all concerned
70000374,FL,Democrat,Somewhat liberal,"Catholic, Roman Catholic",Every time,Very concerned
70000377,NY,Independent,Very liberal,"Catholic, Roman Catholic",Never,Very concerned
70000378,NY,Republican,Somewhat conservative,Protestant,Every time,Not at all concerned
70000380,NJ,Democrat,Very conservative,Protestant,Every time,Somewhat concerned
70000381,NY,Republican,Moderate,Evangelical,Not applicable/Does not have vaginal intercourse/sex,Not at all concerned
70000382,NY,Democrat,Somewhat liberal,"Catholic, Roman Catholic",Every time,Very concerned
70000383,NY,Democrat,Somewhat liberal,Christian (Just Christian),Never,Somewhat concerned
70000384,MA,Democrat,Moderate,Don't know,Never,Not very concerned
70000387,TX,Independent,Moderate,Nothing in particular,Never,Very concerned
70000388,WI,Republican,Somewhat conservative,Christian (Just Christian),Never,Not at all concerned
70000390,LA,Democrat,Moderate,Nothing in particular,About half the time,Not very concerned
70000392,FL,Independent,Somewhat conservative,Protestant,Every time,Not at all concerned
70000393,TN,Republican,Moderate,Christian (Just Christian),Almost every time,Somewhat concerned
70000394,MI,Democrat,Somewhat conservative,Protestant,Never,Not at all concerned
70000395,GA,Independent,Very liberal,"Catholic, Roman Catholic",Never,Very concerned
70000396,HI,Don't know,Refused,Jewish/Judaism,Not applicable/Does not have vaginal intercourse/sex,Very concerned
70000398,MO,Republican,Moderate,Congregational or United Church of Christ (UCC),Every time,Not at all concerned
70000400,VA,Republican,Somewhat conservative,Protestant,Every time,Not at all concerned
70000401,AZ,Democrat,Somewhat liberal,Jewish/Judaism,Every time,Very concerned
70000402,SC,Republican,Moderate,"Catholic, Roman Catholic",Every time,Not at all concerned
70000403,MA,Refused,Somewhat liberal,"Catholic, Roman Catholic",Not applicable/Does not have vaginal intercourse/sex,Somewhat concerned
70000404,NJ,Independent,Moderate,Agnostic,Never,Not very concerned
70000405,ME,Don't know,Moderate,Nothing in particular,Every time,Not very concerned
70000406,VA,Republican,Moderate,"Catholic, Roman Catholic",Not applicable/Does not have vaginal intercourse/sex,Not at all concerned
70000408,OH,Democrat,Somewhat liberal,Agnostic,Every time,Not at all concerned
70000409,MO,Republican,Very conservative,Protestant,Not applicable/Does not have vaginal intercourse/sex,Not at all concerned
70000410,VA,Republican,Moderate,Protestant,Never,Somewhat concerned
70000411,MO,Independent,Somewhat conservative,Christian (Just Christian),Almost every time,Not very concerned
70000413,KS,Democrat,Moderate,Lutheran,Once in a while,Very concerned
70000414,CA,Independent,Moderate,Mormon (Church of Jesus Christ of Latter-Day Saints/LDS),Never,Somewhat concerned
70000416,TN,Democrat,Somewhat conservative,Protestant,Never,Very concerned
70000419,OH,Democrat,Moderate,"Catholic, Roman Catholic",Almost every time,Very concerned
70000420,IL,Independent,Somewhat liberal,Nothing in particular,Every time,Very concerned
70000422,MO,Independent,Moderate,Baptist,Every time,Somewhat concerned
70000424,AR,Democrat,Somewhat liberal,Protestant,Every time,Not very concerned
70000426,TX,Democrat,Very liberal,Agnostic,Every time,Very concerned
70000427,IA,Republican,Somewhat conservative,"Catholic, Roman Catholic",Never,Not at all concerned
70000428,MI,Democrat,Very liberal,Agnostic,Never,Not at all concerned
70000429,AR,Independent,Moderate,Buddhist,Almost every time,Not very concerned
70000430,AR,Independent,Very liberal,Atheist,Almost every time,Somewhat concerned
70000431,TX,Independent,Very liberal,Baptist,Never,Not very concerned
70000432,TX,Republican,Somewhat conservative,Refused,Refused,Very concerned
70000433,IA,Democrat,Somewhat liberal,Nothing in particular,Every time,Not at all concerned
70000434,TX,Independent,Moderate,"Catholic, Roman Catholic",Once in a while,Somewhat concerned
70000435,TN,Independent,Moderate,Nothing in particular,Not applicable/Does not have vaginal intercourse/sex,Not at all concerned
70000436,IL,Democrat,Very conservative,Protestant,Not applicable/Does not have vaginal intercourse/sex,Very concerned
70000437,CA,Democrat,Moderate,Christian (Just Christian),Never,Not at all concerned
70000438,MN,Republican,Somewhat conservative,Protestant,Never,Not at all concerned
70000439,OR,Republican,Moderate,Christian (Just Christian),Once in a while,Somewhat concerned
70000440,TX,Republican,Somewhat conservative,Protestant,Never,Not at all concerned
70000441,CA,Democrat,Very liberal,Baptist,Every time,Not very concerned
70000443,TX,Democrat,Somewhat liberal,Lutheran,About half the time,Somewhat concerned
70000444,TX,Independent,Moderate,"Catholic, Roman Catholic",About half the time,Somewhat concerned
70000445,OK,Republican,Somewhat conservative,Protestant,Not applicable/Does not have vaginal intercourse/sex,Don't know
70000447,TX,Independent,Somewhat liberal,Christian (Just Christian),Every time,Very concerned
70000448,LA,Independent,Moderate,Methodist,Never,Not at all concerned
70000449,CO,Independent,Somewhat conservative,Protestant,Refused,Not at all concerned
70000452,WI,Democrat,Moderate,Christian (Just Christian),Every time,Somewhat concerned
70000454,CA,Independent,Very conservative,Jehovah's Witness,Never,Not very concerned
70000455,CA,Refused,Moderate,Nothing in particular,Refused,Somewhat concerned
70000456,CA,Democrat,Moderate,"Catholic, Roman Catholic",Every time,Somewhat concerned
70000458,CA,Democrat,Somewhat liberal,Non-denominational or Independent Church,Almost every time,Somewhat concerned
70000459,CA,Democrat,Moderate,Christian (Just Christian),Every time,Not at all concerned
70000460,CA,Independent,Moderate,"Catholic, Roman Catholic",Every time,Somewhat concerned
70000461,MN,Republican,Somewhat liberal,Christian (Just Christian),Never,Somewhat concerned
70000462,CA,Independent,Very liberal,Non-denominational or Independent Church,Never,Very concerned
70000463,CO,Independent,Somewhat conservative,Christian (Just Christian),Never,Not at all concerned
70000464,OR,Democrat,Very liberal,Nothing in particular,Never,Very concerned
70000465,AZ,Democrat,Very liberal,Agnostic,Every time,Very concerned
70000466,NV,Republican,Somewhat conservative,Protestant,Never,Not at all concerned
70000467,CA,Republican,Very conservative,Buddhist,Never,Not at all concerned
70000468,AZ,Democrat,Somewhat liberal,Protestant,Not applicable/Does not have vaginal intercourse/sex,Somewhat concerned
70000469,WA,Democrat,Somewhat liberal,Nothing in particular,Never,Very concerned
70000470,CA,Democrat,Very liberal,Nothing in particular,Every time,Not very concerned
70000471,UT,Republican,Moderate,Protestant,Every time,Somewhat concerned
70000472,CA,Republican,Somewhat conservative,Protestant,Every time,Very concerned
70000473,CA,Independent,Very conservative,"Catholic, Roman Catholic",Every time,Not at all concerned
70000475,CA,Democrat,Very liberal,Nothing in particular,Not applicable/Does not have vaginal intercourse/sex,Not very concerned
70000476,MD,Republican,Somewhat liberal,"Church of Christ, or Disciples of Christ (Christian Church)",Every time,Very concerned
70000477,WA,Democrat,Very liberal,Christian (Just Christian),Not applicable/Does not have vaginal intercourse/sex,Very concerned
70000478,AZ,Democrat,Moderate,"Catholic, Roman Catholic",Every time,Somewhat concerned
70000479,CA,Independent,Somewhat conservative,Agnostic,Never,Not at all concerned
70000481,CA,Republican,Somewhat conservative,Jewish/Judaism,Never,Not at all concerned
70000482,OR,Independent,Somewhat liberal,Non-denominational or Independent Church,Every time,Somewhat concerned
70000483,WA,Republican,Somewhat conservative,"Orthodox (Eastern, Greek, Russian, Armenian, etc)",Never,Not at all concerned
70000484,CA,Independent,Moderate,Protestant,Never,Not at all concerned
70000485,IN,Republican,Moderate,"Catholic, Roman Catholic",Never,Not very concerned
70000486,CA,Democrat,Moderate,Christian (Just Christian),Once in a while,Somewhat concerned
70000487,NV,Republican,Somewhat conservative,Protestant,Never,Not very concerned
70000489,NY,Republican,Somewhat conservative,"Catholic, Roman Catholic",Almost every time,Somewhat concerned
70000490,GA,Democrat,Moderate,"Catholic, Roman Catholic",Not applicable/Does not have vaginal intercourse/sex,Somewhat concerned
70000491,OH,Democrat,Very liberal,Atheist,Almost every time,Very concerned
70000493,FL,Independent,Somewhat liberal,Muslim/Islamic,Never,Not at all concerned
70000494,NC,Democrat,Moderate,"Catholic, Roman Catholic",Not applicable/Does not have vaginal intercourse/sex,Somewhat concerned
70000497,GA,Democrat,Somewhat liberal,"Catholic, Roman Catholic",Almost every time,Not very concerned
70000498,GA,Democrat,Moderate,Protestant,Never,Not at all concerned
70000501,IN,Independent,Moderate,Christian (Just Christian),Every time,Not at all concerned
70000502,NC,Independent,Somewhat liberal,"Catholic, Roman Catholic",Every time,Not at all concerned
70000503,OH,Independent,Somewhat liberal,Nothing in particular,Every time,Not very concerned
70000504,GA,Democrat,Very liberal,Protestant,Never,Not at all concerned
70000506,FL,Republican,Somewhat conservative,Protestant,Never,Not at all concerned
70000507,MA,Independent,Very liberal,Nothing in particular,Almost every time,Somewhat concerned
70000508,KY,Don't know,Somewhat conservative,Nothing in particular,Never,Not at all concerned
70000509,KY,Independent,Moderate,Unitarian/Universalist,Almost every time,Not at all concerned
70000510,GA,Republican,Somewhat conservative,Nothing in particular,Not applicable/Does not have vaginal intercourse/sex,Not very concerned
70000513,NY,Independent,Somewhat liberal,Muslim/Islamic,Never,Very concerned
70000514,NJ,Democrat,Moderate,"Catholic, Roman Catholic",Once in a while,Very concerned
70000515,GA,Independent,Somewhat liberal,Nothing in particular,Never,Very concerned
70000516,FL,Independent,Somewhat conservative,Christian (Just Christian),Never,Not at all concerned
70000518,FL,Democrat,Very conservative,Christian (Just Christian),Never,Not very concerned
70000520,NY,Republican,Very conservative,Nothing in particular,Never,Not at all concerned
70000522,PA,Republican,Moderate,Christian (Just Christian),Never,Not at all concerned
70000523,OH,Republican,Somewhat conservative,Evangelical,Almost every time,Somewhat concerned
70000524,NC,Republican,Very conservative,Baptist,Refused,Not at all concerned
70000525,GA,Refused,Very conservative,Methodist,Every time,Not at all concerned
70000526,MI,Republican,Moderate,Protestant,Never,Somewhat concerned
70000528,OH,Independent,Moderate,Baptist,Once in a while,Very concerned
70000530,WA,Refused,Refused,Jehovah's Witness,Never,Not at all concerned
70000531,VA,Republican,Somewhat conservative,"Catholic, Roman Catholic",Never,Not at all concerned
70000532,PA,Republican,Very conservative,Protestant,Not applicable/Does not have vaginal intercourse/sex,Not very concerned
70000533,FL,Republican,Very conservative,Lutheran,Never,Not at all concerned
70000534,MO,Democrat,Moderate,Protestant,About half the time,Somewhat concerned
70000535,NC,Independent,Moderate,Presbyterian,Every time,Somewhat concerned
70000536,CT,Independent,Moderate,Christian (Just Christian),Almost every time,Not very concerned
70000537,WA,Independent,Somewhat liberal,"Catholic, Roman Catholic",Every time,Not at all concerned
70000538,CA,Democrat,Somewhat liberal,"Catholic, Roman Catholic",Every time,Somewhat concerned
70000539,NY,Republican,Moderate,Atheist,Every time,Not at all concerned
70000541,NY,Democrat,Somewhat conservative,Protestant,Every time,Not at all concerned
70000542,IN,Independent,Moderate,Christian (Just Christian),Never,Very concerned
70000543,NY,Democrat,Moderate,"Catholic, Roman Catholic",Refused,Very concerned
70000545,GA,Independent,Refused,Christian (Just Christian),Almost every time,Very concerned
70000548,OH,Independent,Very conservative,"Catholic, Roman Catholic",Once in a while,Not at all concerned
70000549,RI,Independent,Moderate,"Catholic, Roman Catholic",Never,Very concerned
70000551,MS,Democrat,Somewhat liberal,Protestant,Never,Very concerned
70000552,IL,Democrat,Very liberal,Nothing in particular,Never,Very concerned
70000554,FL,Democrat,Very liberal,Nothing in particular,Never,Not at all concerned
70000555,NC,Republican,Very conservative,Protestant,Never,Not at all concerned
70000558,OH,Independent,Somewhat liberal,Atheist,Never,Not at all concerned
70000563,IN,Republican,Somewhat conservative,Protestant,Every time,Somewhat concerned
70000564,AZ,Independent,Somewhat conservative,Agnostic,Never,Not at all concerned
70000565,PA,Democrat,Very liberal,"Catholic, Roman Catholic",Every time,Very concerned
70000568,FL,Republican,Very conservative,Protestant,Never,Not at all concerned
70000570,MI,Democrat,Very liberal,Atheist,Never,Very concerned
70000576,NJ,Independent,Moderate,Nothing in particular,Almost every time,Somewhat concerned
70000577,NC,Democrat,Somewhat liberal,"Pentecostal (Assemblies of God, Four-Square Gospel)",Never,Somewhat concerned
70000580,WI,Democrat,Somewhat conservative,Christian (Just Christian),Not applicable/Does not have vaginal intercourse/sex,Not at all concerned
70000581,FL,Independent,Moderate,Baptist,Never,Not at all concerned
70000582,KS,Independent,Very liberal,Protestant,About half the time,Somewhat concerned
70000583,KS,Democrat,Very conservative,Congregational or United Church of Christ (UCC),Never,Not at all concerned
70000584,KS,Republican,Moderate,Christian (Just Christian),Never,Not at all concerned
70000586,GA,Democrat,Moderate,Christian (Just Christian),About half the time,Somewhat concerned
70000587,IL,Democrat,Somewhat liberal,Christian (Just Christian),Every time,Not very concerned
70000588,NY,Refused,Moderate,Christian (Just Christian),Every time,Very concerned
70000589,NY,Democrat,Somewhat liberal,Hindu,Every time,Somewhat concerned
70000590,AL,Independent,Very conservative,Church of God,Never,Not at all concerned
70000591,MA,Republican,Somewhat conservative,Protestant,Never,Not at all concerned
70000592,MI,Democrat,Moderate,Christian (Just Christian),Every time,Not very concerned
70000594,WI,Independent,Somewhat liberal,Protestant,Never,Very concerned
70000598,MO,Refused,Refused,Nothing in particular,Every time,Very concerned
70000599,CA,Democrat,Moderate,Christian (Just Christian),Every time,Somewhat concerned
70000601,LA,Democrat,Somewhat liberal,"Catholic, Roman Catholic",Every time,Very concerned
70000602,WI,Democrat,Somewhat liberal,"Catholic, Roman Catholic",Never,Very concerned
70000603,MO,Independent,Very liberal,Christian (Just Christian),Every time,Very concerned
70000604,FL,Independent,Moderate,Christian (Just Christian),Never,Very concerned
70000607,TN,Independent,Moderate,"Catholic, Roman Catholic",Never,Not at all concerned
70000608,MN,Republican,Moderate,Christian (Just Christian),Refused,Very concerned
70000609,WY,Democrat,Somewhat conservative,Christian (Just Christian),Every time,Very concerned
70000610,CA,Republican,Somewhat conservative,Christian (Just Christian),Not applicable/Does not have vaginal intercourse/sex,Not at all concerned
70000611,ND,Republican,Somewhat conservative,Protestant,Never,Not at all concerned
70000612,TX,Democrat,Moderate,"Catholic, Roman Catholic",Never,Somewhat concerned
70000613,FL,Independent,Very liberal,Agnostic,Never,Very concerned
70000614,TX,Republican,Moderate,Atheist,Every time,Somewhat concerned
70000615,NE,Independent,Somewhat liberal,"Catholic, Roman Catholic",Every time,Not very concerned
70000616,CA,Democrat,Moderate,Agnostic,Once in a while,Somewhat concerned
70000618,TX,Democrat,Somewhat liberal,Atheist,Never,Somewhat concerned
70000619,MN,Independent,Moderate,Protestant,Almost every time,Very concerned
70000620,KS,Democrat,Moderate,Nothing in particular,Every time,Somewhat concerned
70000622,AL,Republican,Moderate,Protestant,Never,Very concerned
70000623,LA,Republican,Somewhat conservative,Evangelical,Every time,Somewhat concerned
70000624,IL,Independent,Moderate,Christian (Just Christian),Every time,Very concerned
70000625,OK,Democrat,Moderate,Other,Never,Very concerned
70000626,IL,Democrat,Moderate,"Catholic, Roman Catholic",Never,Somewhat concerned
70000627,MN,Democrat,Somewhat conservative,Christian (Just Christian),Almost every time,Not very concerned
70000628,IL,Democrat,Very liberal,Baptist,Every time,Not at all concerned
70000629,TX,Republican,Very conservative,Agnostic,Every time,Not at all concerned
70000630,TX,Democrat,Moderate,"Catholic, Roman Catholic",Never,Somewhat concerned
70000631,TX,Democrat,Moderate,Nothing in particular,Never,Very concerned
70000632,SD,Republican,Very conservative,Protestant,Never,Very concerned
70000633,IL,Democrat,Somewhat liberal,Protestant,Every time,Somewhat concerned
70000635,NM,Republican,Somewhat liberal,"Catholic, Roman Catholic",Never,Somewhat concerned
70000636,TX,Republican,Somewhat conservative,Christian (Just Christian),Every time,Not at all concerned
70000637,AL,Independent,Moderate,Protestant,Every time,Not at all concerned
70000639,TX,Independent,Somewhat liberal,Nothing in particular,Never,Not very concerned
70000640,TX,Independent,Moderate,"Catholic, Roman Catholic",Almost every time,Somewhat concerned
70000641,IL,Democrat,Somewhat liberal,"Catholic, Roman Catholic",Never,Very concerned
70000642,TX,Republican,Somewhat liberal,"Catholic, Roman Catholic",Never,Not at all concerned
70000644,TX,Independent,Somewhat liberal,"Catholic, Roman Catholic",Once in a while,Not at all concerned
70000645,WY,Republican,Somewhat liberal,Mormon (Church of Jesus Christ of Latter-Day Saints/LDS),Never,Not at all concerned
70000646,TX,Democrat,Moderate,Nothing in particular,Never,Very concerned
70000648,CA,Republican,Somewhat conservative,Protestant,Never,Not very concerned
70000649,CA,Republican,Very liberal,Christian (Just Christian),Every time,Not at all concerned
70000650,CA,Democrat,Very liberal,Nothing in particular,Every time,Somewhat concerned
70000651,WA,Independent,Somewhat conservative,Protestant,Never,Not at all concerned
70000652,CA,Democrat,Moderate,Agnostic,Every time,Not very concerned
70000653,CA,Democrat,Moderate,"Catholic, Roman Catholic",Never,Not very concerned
70000654,CA,Don't know,Somewhat liberal,Atheist,Every time,Not at all concerned
70000655,CA,Independent,Moderate,"Catholic, Roman Catholic",Every time,Very concerned
70000657,CA,Independent,Somewhat conservative,Christian (Just Christian),Almost every time,Not at all concerned
70000658,WA,Democrat,Very liberal,Nothing in particular,Every time,Somewhat concerned
70000659,CA,Independent,Somewhat conservative,Refused,Never,Somewhat concerned
70000661,AK,Independent,Somewhat liberal,"Catholic, Roman Catholic",Never,Somewhat concerned
70000662,AZ,Independent,Somewhat liberal,"Catholic, Roman Catholic",Not applicable/Does not have vaginal intercourse/sex,Very concerned
70000663,CA,Republican,Very conservative,"Catholic, Roman Catholic",Not applicable/Does not have vaginal intercourse/sex,Not at all concerned
70000664,WA,Democrat,Very liberal,Hindu,Not applicable/Does not have vaginal intercourse/sex,Somewhat concerned
70000665,CA,Independent,Somewhat liberal,Agnostic,Almost every time,Not at all concerned
70000666,AZ,Independent,Moderate,Nothing in particular,Every time,Not at all concerned
70000667,CA,Republican,Somewhat conservative,Protestant,Almost every time,Very concerned
70000668,HI,Independent,Somewhat liberal,Nothing in particular,Every time,Very concerned
70000669,UT,Democrat,Very liberal,Nothing in particular,Refused,Not very concerned
70000670,OR,Republican,Moderate,"Catholic, Roman Catholic",Never,Not very concerned
70000671,CA,Independent,Very conservative,"Catholic, Roman Catholic",Every time,Not at all concerned
70000673,CA,Democrat,Somewhat liberal,Christian (Just Christian),Every time,Very concerned
70000674,WA,Republican,Somewhat conservative,Christian (Just Christian),Once in a while,Not very concerned
70000675,AZ,Independent,Moderate,Nothing in particular,Never,Very concerned
70000676,AZ,Democrat,Moderate,"Catholic, Roman Catholic",Never,Very concerned
70000677,NV,Democrat,Somewhat conservative,Protestant,Every time,Very concerned
70000678,CA,Republican,Somewhat conservative,Christian (Just Christian),Every time,Not at all concerned
70000679,CA,Independent,Moderate,Nothing in particular,Never,Very concerned
70000680,CO,Republican,Somewhat conservative,"Catholic, Roman Catholic",Not applicable/Does not have vaginal intercourse/sex,Not very concerned
70000681,SC,Republican,Very conservative,Baptist,Never,Not very concerned
70000682,TN,Republican,Very conservative,Christian (Just Christian),Never,Not at all concerned
70000683,FL,Independent,Moderate,Protestant,Never,Not very concerned
70000685,MA,Independent,Refused,"Orthodox (Eastern, Greek, Russian, Armenian, etc)",Refused,Very concerned
70000688,MI,Independent,Somewhat conservative,Refused,Never,Not at all concerned
70000689,KY,Democrat,Very liberal,Nothing in particular,Every time,Not very concerned
70000690,NY,Don't know,Moderate,"Catholic, Roman Catholic",Not applicable/Does not have vaginal intercourse/sex,Not very concerned
70000691,FL,Independent,Somewhat liberal,Christian (Just Christian),Never,Not at all concerned
70000692,KY,Republican,Moderate,Protestant,Every time,Very concerned
70000693,CT,Republican,Somewhat conservative,Christian (Just Christian),Once in a while,Not very concerned
70000694,GA,Independent,Somewhat conservative,Christian (Just Christian),Almost every time,Not at all concerned
70000696,NY,Independent,Somewhat conservative,"Catholic, Roman Catholic",Never,Very concerned
70000697,PA,Independent,Moderate,Episcopalian or Anglican,Never,Somewhat concerned
70000698,PA,Democrat,Somewhat liberal,"Catholic, Roman Catholic",Every time,Very concerned
70000699,TX,Republican,Somewhat conservative,Christian (Just Christian),Never,Not at all concerned
70000700,MI,Democrat,Somewhat liberal,Non-denominational or Independent Church,Every time,Not very concerned
70000701,TX,Democrat,Somewhat liberal,"Catholic, Roman Catholic",Every time,Very concerned
70000703,OH,Democrat,Somewhat liberal,Agnostic,Every time,Very concerned
70000704,WA,Democrat,Very liberal,Agnostic,Every time,Somewhat concerned
70000705,TX,Independent,Very liberal,Muslim/Islamic,Every time,Very concerned
70000706,IL,Independent,Somewhat conservative,Nothing in particular,Once in a while,Somewhat concerned
70000707,PA,Republican,Somewhat conservative,Christian (Just Christian),Every time,Somewhat concerned
70000708,IL,Independent,Very liberal,Protestant,Never,Not at all concerned
70000709,CA,Independent,Somewhat liberal,Nothing in particular,Almost every time,Not very concerned
70000710,TX,Democrat,Moderate,Nothing in particular,Once in a while,Somewhat concerned
70000711,IN,Republican,Somewhat conservative,"Catholic, Roman Catholic",Almost every time,Not at all concerned
70000712,NY,Republican,Somewhat conservative,"Catholic, Roman Catholic",Every time,Not at all concerned
70000716,NJ,Independent,Somewhat liberal,Nothing in particular,Once in a while,Very concerned
70000717,CO,Democrat,Moderate,Christian (Just Christian),Not applicable/Does not have vaginal intercourse/sex,Not at all concerned
70000718,MN,Democrat,Somewhat liberal,Christian (Just Christian),Every time,Somewhat concerned
70000719,ID,Republican,Moderate,"Catholic, Roman Catholic",Never,Not very concerned
70000720,TX,Independent,Moderate,Nothing in particular,Never,Not very concerned
70000723,VA,Republican,Moderate,Christian (Just Christian),Every time,Very concerned
70000724,NY,Independent,Moderate,Nothing in particular,Never,Somewhat concerned
70000725,MD,Republican,Somewhat conservative,Episcopalian or Anglican,Never,Not very concerned
70000726,CO,Democrat,Somewhat liberal,Christian (Just Christian),Every time,Very concerned
70000727,UT,Democrat,Somewhat conservative,"Church of Christ, or Disciples of Christ (Christian Church)",Once in a while,Very concerned
70000728,MD,Democrat,Somewhat liberal,Nothing in particular,Never,Somewhat concerned
70000729,TN,Democrat,Moderate,Christian (Just Christian),About half the time,Not very concerned
70000730,SC,Republican,Somewhat conservative,Protestant,Never,Somewhat concerned
70000731,FL,Republican,Very conservative,Christian (Just Christian),Every time,Very concerned
70000733,CO,Republican,Moderate,Agnostic,Once in a while,Not at all concerned
70000734,FL,Independent,Somewhat liberal,Christian (Just Christian),Every time,Very concerned
70000735,MO,Democrat,Moderate,Nothing in particular,Every time,Not very concerned
70000736,MO,Democrat,Moderate,Protestant,About half the time,Somewhat concerned
70000738,TX,Independent,Moderate,Christian (Just Christian),Never,Not at all concerned
70000740,MI,Independent,Moderate,Protestant,Never,Not at all concerned
70000743,NY,Independent,Very conservative,"Catholic, Roman Catholic",Not applicable/Does not have vaginal intercourse/sex,Not at all concerned
70000744,MD,Democrat,Somewhat liberal,Protestant,Never,Very concerned
70000748,MI,Republican,Very conservative,Agnostic,Every time,Somewhat concerned
70000749,NJ,Independent,Moderate,Baptist,Every time,Somewhat concerned
70000750,NY,Independent,Moderate,Christian (Just Christian),Every time,Very concerned
70000752,NY,Republican,Somewhat conservative,Nothing in particular,Never,Not at all concerned
70000753,MS,Republican,Moderate,Evangelical,Every time,Not at all concerned
70000754,CA,Democrat,Somewhat conservative,Christian (Just Christian),Almost every time,Very concerned
70000755,IL,Republican,Very conservative,"Catholic, Roman Catholic",Never,Very concerned
70000757,KS,Independent,Moderate,Atheist,Every time,Somewhat concerned
70000758,NY,Independent,Somewhat liberal,Jewish/Judaism,Never,Not at all concerned
70000759,MN,Democrat,Somewhat liberal,Agnostic,Every time,Very concerned
70000760,NJ,Independent,Somewhat liberal,"Catholic, Roman Catholic",Not applicable/Does not have vaginal intercourse/sex,Very concerned
70000761,AR,Democrat,Somewhat conservative,"Pentecostal (Assemblies of God, Four-Square Gospel)",Not applicable/Does not have vaginal intercourse/sex,Not very concerned
70000762,FL,Democrat,Somewhat liberal,"Catholic, Roman Catholic",Never,Not at all concerned
70000763,MN,Republican,Very conservative,Christian (Just Christian),Not applicable/Does not have vaginal intercourse/sex,Not at all concerned
70000764,NM,Independent,Somewhat liberal,Protestant,Almost every time,Not at all concerned
70000765,AL,Republican,Very conservative,Protestant,Once in a while,Not at all concerned
70000766,LA,Republican,Very conservative,Baptist,Never,Not at all concerned
70000767,MI,Republican,Somewhat conservative,Protestant,Every time,Somewhat concerned
70000768,MI,Democrat,Somewhat liberal,Protestant,Not applicable/Does not have vaginal intercourse/sex,Very concerned
70000769,IL,Democrat,Very liberal,Protestant,Every time,Very concerned
70000770,TX,Republican,Very liberal,Buddhist,Once in a while,Not at all concerned
70000771,IA,Republican,Somewhat conservative,Protestant,Every time,Somewhat concerned
70000772,MO,Independent,Very liberal,Christian (Just Christian),Every time,Somewhat concerned
70000773,IN,Democrat,Somewhat conservative,"Catholic, Roman Catholic",Once in a while,Not very concerned
70000774,NC,Republican,Somewhat conservative,Christian (Just Christian),Not applicable/Does not have vaginal intercourse/sex,Very concerned
70000775,TX,Republican,Moderate,"Catholic, Roman Catholic",Almost every time,Somewhat concerned
70000776,MD,Democrat,Moderate,"Catholic, Roman Catholic",Once in a while,Very concerned
70000777,FL,Republican,Moderate,Christian (Just Christian),Once in a while,Not at all concerned
70000778,TX,Independent,Somewhat liberal,Non-denominational or Independent Church,Every time,Very concerned
70000779,KS,Republican,Refused,"Pentecostal (Assemblies of God, Four-Square Gospel)",Refused,Very concerned
70000780,IL,Democrat,Moderate,Nothing in particular,Every time,Somewhat concerned
70000781,KS,Democrat,Very liberal,Nothing in particular,Refused,Very concerned
70000783,IA,Democrat,Moderate,Protestant,Every time,Somewhat concerned
70000784,MN,Democrat,Somewhat liberal,Protestant,Never,Not very concerned
70000785,IL,Independent,Moderate,"Catholic, Roman Catholic",Never,Very concerned
70000786,IL,Republican,Moderate,Christian (Just Christian),Every time,Somewhat concerned
70000787,GA,Democrat,Moderate,Baptist,Every time,Not very concerned
70000788,IL,Republican,Somewhat conservative,Nothing in particular,Never,Not very concerned
70000789,MO,Republican,Moderate,Protestant,Almost every time,Not very concerned
70000790,TX,Independent,Somewhat liberal,Refused,Never,Very concerned
70000791,OK,Republican,Very conservative,Christian (Just Christian),About half the time,Not at all concerned
70000793,FL,Independent,Moderate,"Catholic, Roman Catholic",Never,Not at all concerned
70000794,CA,Independent,Somewhat liberal,"Catholic, Roman Catholic",Once in a while,Not at all concerned
70000796,TX,Republican,Somewhat conservative,Protestant,Almost every time,Not very concerned
70000798,AL,Republican,Very conservative,Christian (Just Christian),Not applicable/Does not have vaginal intercourse/sex,Not at all concerned
70000799,TX,Democrat,Moderate,"Catholic, Roman Catholic",Every time,Somewhat concerned
70000800,TX,Democrat,Moderate,Nothing in particular,Every time,Not very concerned
70000802,NC,Democrat,Somewhat liberal,"Catholic, Roman Catholic",Never,Somewhat concerned
70000803,NC,Democrat,Somewhat liberal,Christian (Just Christian),Refused,Not at all concerned
70000804,LA,Democrat,Moderate,"Catholic, Roman Catholic",Almost every time,Somewhat concerned
70000805,OK,Democrat,Moderate,Hindu,Never,Very concerned
70000806,TX,Republican,Somewhat liberal,Christian (Just Christian),Every time,Not at all concerned
70000807,CT,Independent,Very conservative,Nothing in particular,Every time,Very concerned
70000808,CT,Independent,Moderate,Christian (Just Christian),Every time,Very concerned
70000809,NY,Republican,Somewhat conservative,Protestant,Never,Not at all concerned
70000810,MI,Democrat,Very liberal,Baptist,Every time,Not at all concerned
70000811,TN,Independent,Moderate,Christian (Just Christian),Every time,Somewhat concerned
70000812,TX,Independent,Very liberal,Nothing in particular,Never,Not at all concerned
70000813,PA,Democrat,Moderate,Nothing in particular,Every time,Very concerned
70000814,FL,Democrat,Somewhat liberal,Christian (Just Christian),Every time,Not at all concerned
70000815,AL,Independent,Moderate,"Catholic, Roman Catholic",Every time,Very concerned
70000816,PA,Republican,Moderate,Christian (Just Christian),Once in a while,Not very concerned
70000822,TX,Democrat,Moderate,Christian (Just Christian),Never,Not very concerned
70000823,TX,Democrat,Very conservative,Protestant,Once in a while,Somewhat concerned
70000825,NE,Independent,Moderate,Atheist,Once in a while,Not very concerned
70000826,CA,Democrat,Very conservative,Christian (Just Christian),Almost every time,Somewhat concerned
70000827,NC,Refused,Moderate,Christian (Just Christian),Refused,Very concerned
70000829,FL,Republican,Somewhat liberal,Christian (Just Christian),Almost every time,Somewhat concerned
70000831,TN,Democrat,Somewhat liberal,Protestant,Every time,Somewhat concerned
70000832,CA,Republican,Somewhat conservative,Protestant,Every time,Not at all concerned
70000835,FL,Democrat,Moderate,"Catholic, Roman Catholic",Never,Very concerned
70000836,TX,Independent,Moderate,Nothing in particular,Almost every time,Not very concerned
70000837,TX,Republican,Moderate,Christian (Just Christian),Almost every time,Very concerned
70000838,MN,Democrat,Very liberal,Baptist,Never,Not very concerned
70000841,MS,Republican,Very conservative,Christian (Just Christian),Never,Not at all concerned
70000842,TX,Democrat,Somewhat liberal,Christian (Just Christian),Never,Somewhat concerned
70000844,MS,Democrat,Very liberal,Methodist,Every time,Not applicable/don't believe in birth control
70000846,CA,Democrat,Somewhat liberal,"Catholic, Roman Catholic",Every time,Somewhat concerned
70000847,AL,Democrat,Somewhat liberal,Atheist,Every time,Somewhat concerned
70000848,GA,Republican,Very liberal,"Catholic, Roman Catholic",About half the time,Not very concerned
70000849,LA,Republican,Somewhat conservative,Baptist,Every time,Not at all concerned
70000850,MT,Democrat,Moderate,"Catholic, Roman Catholic",About half the time,Somewhat concerned
70000851,WI,Democrat,Moderate,Nothing in particular,Never,Very concerned
70000852,AZ,Republican,Somewhat conservative,Christian (Just Christian),Every time,Very concerned
70000853,ND,Independent,Moderate,Nothing in particular,Every time,Somewhat concerned
70000854,TX,Republican,Very conservative,Protestant,Once in a while,Not at all concerned
70000855,CO,Independent,Moderate,Protestant,Never,Somewhat concerned
70000856,WV,Democrat,Moderate,"Catholic, Roman Catholic",Every time,Not at all concerned
70000857,CA,Democrat,Very liberal,Protestant,Never,Not at all concerned
70000859,CA,Independent,Somewhat conservative,"Catholic, Roman Catholic",Every time,Somewhat concerned
70000860,CT,Other,Moderate,Nothing in particular,Never,Not at all concerned
70000861,ID,Republican,Somewhat conservative,"Catholic, Roman Catholic",Never,Very concerned
70000862,TX,Democrat,Very liberal,Refused,Once in a while,Very concerned
70000863,WA,Refused,Refused,Jehovah's Witness,Not applicable/Does not have vaginal intercourse/sex,Not at all concerned
70000864,CA,Republican,Somewhat conservative,Nothing in particular,Every time,Not at all concerned
70000867,NY,Republican,Somewhat conservative,Protestant,Every time,Not at all concerned
70000868,SC,Independent,Somewhat liberal,"Catholic, Roman Catholic",Every time,Somewhat concerned
70000869,FL,Republican,Very conservative,"Catholic, Roman Catholic",Never,Somewhat concerned
70000871,TX,Independent,Somewhat liberal,Nothing in particular,Every time,Somewhat concerned
70000873,FL,Democrat,Moderate,Christian (Just Christian),Never,Somewhat concerned
70000877,CA,Republican,Moderate,Christian (Just Christian),Never,Not at all concerned
70000879,CA,Independent,Moderate,Seventh-Day Adventist,Not applicable/Does not have vaginal intercourse/sex,Somewhat concerned
70000880,IL,Democrat,Moderate,Nothing in particular,Every time,Very concerned
70000881,MO,Independent,Somewhat conservative,Christian (Just Christian),Never,Somewhat concerned
70000882,CA,Democrat,Somewhat liberal,Nothing in particular,About half the time,Very concerned
70000883,AZ,Democrat,Somewhat liberal,Atheist,Every time,Very concerned
70000885,MN,Republican,Moderate,Protestant,Not applicable/Does not have vaginal intercourse/sex,Somewhat concerned
70000886,CA,Democrat,Very liberal,Non-denominational or Independent Church,Almost every time,Very concerned
70000887,NC,Democrat,Very liberal,Presbyterian,Every time,Very concerned
70000892,PA,Republican,Very conservative,Christian (Just Christian),Not applicable/Does not have vaginal intercourse/sex,Not at all concerned
70000893,PA,Republican,Moderate,Protestant,Never,Very concerned
70000894,PA,Democrat,Very liberal,Nothing in particular,Every time,Very concerned
70000896,PA,Democrat,Moderate,"Catholic, Roman Catholic",About half the time,Somewhat concerned
70000898,NY,Republican,Moderate,Protestant,About half the time,Very concerned
70000900,NE,Refused,Very conservative,Protestant,Not applicable/Does not have vaginal intercourse/sex,Not at all concerned
70000901,NY,Republican,Moderate,"Catholic, Roman Catholic",Once in a while,Not very concerned
70000902,IL,Democrat,Somewhat liberal,"Catholic, Roman Catholic",Almost every time,Not very concerned
70000903,IN,Republican,Very conservative,Protestant,Almost every time,Not very concerned
70000904,VA,Independent,Somewhat liberal,"Catholic, Roman Catholic",Every time,Not very concerned
70000906,IL,Republican,Somewhat conservative,Protestant,Not applicable/Does not have vaginal intercourse/sex,Not at all concerned
70000907,MO,Independent,Moderate,Nothing in particular,Never,Very concerned
70000908,MT,Republican,Moderate,Christian (Just Christian),Almost every time,Not very concerned
70000910,FL,Independent,Moderate,Nothing in particular,Every time,Somewhat concerned
70000911,CA,Independent,Moderate,"Catholic, Roman Catholic",Every time,Very concerned
70000912,NM,Democrat,Very liberal,Atheist,Almost every time,Very concerned
70000913,AR,Republican,Somewhat conservative,Buddhist,Every time,Very concerned
70000914,FL,Republican,Very conservative,"Catholic, Roman Catholic",Never,Somewhat concerned
70000915,AZ,Independent,Moderate,Nothing in particular,Never,Not applicable/don't believe in birth control
70000916,CA,Democrat,Very liberal,Jewish/Judaism,Never,Very concerned
70000917,IN,Independent,Somewhat liberal,Agnostic,Never,Somewhat concerned
70000918,MO,Republican,Somewhat liberal,"Catholic, Roman Catholic",Never,Very concerned
70000919,CA,Democrat,Very conservative,"Catholic, Roman Catholic",About half the time,Not very concerned
70000920,CA,Democrat,Moderate,"Catholic, Roman Catholic",Every time,Very concerned
70000921,OR,Democrat,Somewhat liberal,Christian (Just Christian),Almost every time,Not very concerned
70000922,MT,Democrat,Moderate,Christian (Just Christian),Every time,Somewhat concerned
70000923,PA,Republican,Very conservative,Protestant,Never,Somewhat concerned
70000924,TN,Democrat,Very liberal,Christian (Just Christian),Not applicable/Does not have vaginal intercourse/sex,Not at all concerned
70000926,IL,Democrat,Moderate,Baptist,Not applicable/Does not have vaginal intercourse/sex,Not applicable/don't believe in birth control
70000928,IL,Independent,Moderate,Christian (Just Christian),Every time,Somewhat concerned
70000931,KY,Republican,Somewhat liberal,"Church of Christ, or Disciples of Christ (Christian Church)",Once in a while,Not very concerned
70000933,TX,Democrat,Somewhat conservative,Christian (Just Christian),Every time,Somewhat concerned
70000934,CA,Democrat,Somewhat liberal,Atheist,Every time,Somewhat concerned
70000935,FL,Independent,Very conservative,Christian (Just Christian),Never,Very concerned
70000936,ME,Republican,Very conservative,Protestant,Almost every time,Somewhat concerned
70000937,NV,Republican,Very conservative,Episcopalian or Anglican,About half the time,Very concerned
70000938,TX,Democrat,Moderate,Nothing in particular,Never,Very concerned
70000939,MI,Republican,Somewhat conservative,Christian (Just Christian),Almost every time,Somewhat concerned
70000940,TX,Republican,Very conservative,Atheist,Every time,Not at all concerned
70000941,CO,Republican,Somewhat liberal,"Catholic, Roman Catholic",Once in a while,Not very concerned
70000942,AZ,Democrat,Somewhat liberal,"Catholic, Roman Catholic",Every time,Not at all concerned
70000943,TX,Republican,Moderate,Nothing in particular,Not applicable/Does not have vaginal intercourse/sex,Very concerned
70000945,ID,Democrat,Very liberal,Nothing in particular,Never,Very concerned
70000946,PA,Refused,Somewhat conservative,Baptist,Every time,Not at all concerned
70000947,FL,Republican,Somewhat conservative,"Catholic, Roman Catholic",Every time,Not at all concerned
70000948,NJ,Republican,Somewhat conservative,Nothing in particular,Never,Not very concerned
70000949,NY,Republican,Somewhat conservative,Protestant,Not applicable/Does not have vaginal intercourse/sex,Very concerned
70000950,CA,Democrat,Moderate,"Catholic, Roman Catholic",Never,Somewhat concerned
70000951,FL,Independent,Somewhat conservative,"Catholic, Roman Catholic",Never,Not at all concerned
70000952,PA,Democrat,Moderate,Protestant,Never,Very concerned
70000953,FL,Democrat,Somewhat liberal,Baptist,Every time,Somewhat concerned
70000955,ME,Republican,Somewhat conservative,Protestant,Once in a while,Not very concerned
70000957,TX,Democrat,Somewhat liberal,Nothing in particular,Every time,Not very concerned
70000958,PA,Republican,Very liberal,"Catholic, Roman Catholic",Never,Very concerned
70000959,RI,Democrat,Somewhat liberal,Protestant,Every time,Somewhat concerned
70000960,CO,Democrat,Very liberal,Protestant,Every time,Somewhat concerned
70000961,NE,Republican,Somewhat conservative,Protestant,Every time,Somewhat concerned
70000962,NJ,Democrat,Moderate,Christian (Just Christian),Never,Very concerned
70000963,NY,Independent,Moderate,Protestant,Every time,Not very concerned
70000964,MS,Refused,Refused,Nothing in particular,Never,Not very concerned